collection,mean_completeness,mean_validity_error,on_time_rate,mean_duplicate_count,n_records
SIRS Special Education,0.9295891666666667,0.05461284722222222,0.8993055555555556,0.5784722222222223,1440
SIRS Assessment,0.9296565277777779,0.05246354166666667,0.9194444444444444,0.5791666666666667,1440
IDEA 618 Exiting,0.9301359027777778,0.05358618055555556,0.9048611111111111,0.5472222222222223,1440
SIRS Enrollment,0.930508611111111,0.053105486111111114,0.9020833333333333,0.5673611111111111,1440
IDEA Maintenance of Effort,0.9305622916666667,0.05319486111111111,0.9055555555555556,0.5479166666666667,1440
IDEA 618 Child Count,0.9305968055555556,0.05346555555555555,0.9111111111111111,0.5763888888888888,1440
Personnel Master File,0.9309081250000001,0.053296388888888886,0.8951388888888889,0.5631944444444444,1440
Student Attendance (EMSC),0.9309327083333334,0.05470013888888888,0.9069444444444444,0.5888888888888889,1440
